"Taxation statistics 2015–16 Companies: Key items, by industry code, 2015-16 income year1",,,,,,,,,
,,,,,,,,,
Industry code,Business description,Number of companies,Total income no.,Total income $,Total expenses no.,Total expenses $,Taxable income or loss no.,Taxable income or loss $,
01110,Nursery Production (Under Cover),247,224,"290,475,296",232,"272,411,124",185,"22,140,577",
01120,Nursery Production (Outdoors),247,230,"219,248,508",242,"212,209,918",190,"5,226,068",
01130,Turf Growing,168,161,"208,539,972",163,"190,462,260",135,"18,904,528",
01140,Floriculture Production (Under Cover),53,51,"121,243,270",52,"117,857,128",39,"3,993,492",
01150,Floriculture Production (Outdoors),79,72,"65,478,367",74,"64,904,782",62,"2,248,304",
01210,Mushroom Growing,82,71,"273,376,773",72,"263,514,707",64,"11,756,760",
01220,Vegetable Growing (Under Cover),171,158,"689,793,169",160,"686,541,295",128,"-23,503,726",
01230,Vegetable Growing (Outdoors),503,466,"1,373,563,633",487,"1,318,612,775",398,"47,220,875",
01310,Grape Growing,837,768,"1,698,405,399",790,"1,601,289,906",610,"73,650,516",
01320,Kiwifruit Growing,10,10,"8,492,910",10,"8,235,735",10,"211,080",
01330,Berry Fruit Growing,106,102,"226,788,016",103,"214,620,973",86,"13,995,299",
01340,Apple and Pear Growing,75,69,"325,138,355",72,"326,375,614",56,"9,715,117",
01350,Stone Fruit Growing,77,72,"78,524,725",76,"72,304,332",61,"2,584,850",
01360,Citrus Fruit Growing,115,103,"190,661,687",107,"172,449,443",88,"11,202,619",
01370,Olive Growing,95,84,"176,381,795",94,"169,140,006",71,"17,720,103",
01390,Other Fruit and Tree Nut Growing,373,332,"2,159,524,077",353,"1,870,638,302",290,"207,481,640",
01410,Sheep Farming (Specialised),497,435,"328,779,214",434,"281,348,516",363,"27,777,412",
01420,Beef Cattle Farming (Specialised),"2,345","2,155","3,496,115,603","2,221","2,794,470,655","1,700","253,930,451",
01430,Beef Cattle Feedlots (Specialised),83,80,"1,264,266,480",81,"1,232,932,856",71,"40,253,491",
01440,Sheep-Beef Cattle Farming,936,872,"1,180,267,614",894,"947,546,881",686,"40,185,419",
01450,Grain-Sheep or Grain-Beef Cattle Farming,"1,008",888,"960,005,673",877,"990,155,735",749,"-4,171,490",
01460,Rice Growing,57,50,"25,392,219",49,"19,131,982",39,"4,447,114",
01490,Other Grain Growing,865,739,"1,055,549,861",752,"955,777,998",658,"64,102,683",
01510,Sugar Cane Growing,255,240,"535,470,834",236,"509,453,219",197,"4,809,210",
01520,Cotton Growing,170,152,"1,250,132,942",155,"1,190,442,645",120,"51,334,479",
01590,Other Crop Growing n.e.c.,265,243,"527,893,626",256,"514,274,416",216,"35,956,623",
01600,Dairy Cattle Farming,592,549,"1,620,005,120",549,"1,500,414,015",478,"161,018,027",
01710,Poultry Farming (Meat),206,191,"5,435,301,469",197,"5,234,565,638",163,"146,406,417",
01720,Poultry Farming (Eggs),139,123,"944,610,591",134,"869,262,241",115,"93,219,239",
01800,Deer Farming,13,11,"4,067,659",12,"3,764,966",9,"-28,937",
01910,Horse Farming,713,646,"640,543,431",690,"706,355,971",546,"-69,030,973",
01920,Pig Farming,115,107,"862,025,217",106,"735,487,098",96,"114,639,712",
01930,Beekeeping,98,91,"38,411,892",95,"31,062,165",79,"6,260,924",
01990,Other Livestock Farming n.e.c.,394,340,"262,114,530",378,"241,309,397",302,"-4,060,545",
02011,Oyster Farming,137,121,"289,473,105",134,"313,124,399",101,"3,508,412",
02019,Offshore Longline and Rack Aquaculture n.e.c.,94,75,"544,572,590",86,"549,828,041",68,"15,813,591",
02020,Offshore Caged Aquaculture,<10,na,"460,084,418",na,"394,582,706",na,"64,952,264",
02031,Lobster Farming or Breeding,10,8,"4,886,676",10,"3,068,870",8,"123,079",
02039,Other Onshore Aquaculture,108,84,"181,143,387",105,"184,603,605",79,"16,191,386",
03010,Forestry,366,325,"2,218,182,562",352,"1,844,563,715",290,"53,129,354",
03020,Logging,635,602,"985,819,841",614,"833,815,298",496,"22,133,970",
04111,Rock Lobster Fishing,211,181,"234,848,081",192,"187,801,337",182,"46,722,246",
04112,Crab Potting,12,10,"2,567,258",11,"2,232,638",10,"229,806",
04120,Prawn Fishing,107,91,"96,208,676",105,"82,811,959",89,"8,675,101",
04130,Line Fishing,86,75,"65,384,727",79,"53,278,428",66,"11,315,953",
04140,"Fish Trawling, Seining and Netting",73,68,"36,915,802",70,"32,990,719",57,"2,360,678",
04191,Abalone Fishing,180,164,"142,162,359",170,"116,019,185",146,"26,371,253",
04192,Marine Fishing n.e.c.,293,267,"504,669,318",279,"487,148,338",230,"67,388,011",
04199,Other Fishing n.e.c.,94,87,"135,958,358",91,"130,744,728",83,"13,937,181",
04200,Hunting and Trapping,41,38,"8,898,086",41,"8,492,202",29,"313,673",
05100,Forestry Support Services,296,268,"426,833,154",288,"431,176,608",238,"18,618,670",
05210,Cotton Ginning,14,13,"773,393,791",13,"773,061,591",11,"-1,731,661",
05220,Shearing Services,270,258,"169,205,628",265,"163,407,968",221,"7,000,157",
05290,Other Agriculture and Fishing Support Services,"3,269","2,992","8,118,441,907","3,124","7,809,703,207","2,575","240,764,622",
06000,Coal Mining,169,132,"33,470,453,596",147,"38,227,253,524",116,"-1,655,410,177",
07000,Oil and Gas Extraction,389,323,"77,542,872,816",370,"85,083,409,836",300,"-7,045,587,757",
08010,Iron Ore Mining,51,43,"27,093,514,512",47,"19,136,909,061",46,"14,393,491,473",
08020,Bauxite Mining,14,13,"5,144,456,433",13,"4,574,224,290",12,"1,120,241,569",
08030,Copper Ore Mining,20,18,"1,918,915,631",20,"1,970,564,057",18,"-29,378,540",
08040,Gold Ore Mining,220,165,"17,599,482,827",212,"14,125,087,489",183,"981,704,150",
08050,Mineral Sand Mining,69,55,"3,008,551,038",66,"3,272,334,521",60,"-58,816,837",
08060,Nickel Ore Mining,12,11,"747,084,504",11,"1,213,355,344",9,"-119,254,616",
08070,Silver-Lead-Zinc Ore Mining,<10,na,"1,686,417,756",na,"2,958,092,910",na,"-63,072,100",
08090,Other Metal Ore Mining,72,51,"4,769,236,468",70,"7,221,648,536",60,"-432,155,016",
09110,Gravel and Sand Quarrying,318,292,"829,422,658",313,"710,357,627",261,"66,341,213",
09190,Other Construction Material Mining,401,349,"1,032,022,239",375,"936,715,655",324,"90,831,601",
09901,Diamond Mining,13,8,"4,276,773",13,"13,446,422",11,"-2,801,572",
09902,Opal Mining,75,62,"10,970,421",75,"9,893,298",58,"-171,553",
09903,Gemstone Mining (Except Opals and Diamonds),16,13,"6,651,026",16,"9,184,587",13,"-1,858,722",
09909,Other Non-Metallic Mineral Mining and Quarrying n.e.c.,367,299,"77,598,042,553",352,"64,766,617,427",306,"9,213,544,906",
10111,Petroleum Exploration (Own Account),196,159,"2,081,861,065",187,"10,778,355,341",166,"-2,297,044,937",
10112,Petroleum Exploration Services,63,56,"1,991,425,305",63,"2,426,359,597",47,"750,002,231",
10121,Mineral Exploration (Own Account),"1,239",833,"3,191,416,909","1,165","5,139,615,537","1,063","-1,315,736,093",
10122,Mineral Exploration Services,473,367,"1,192,266,021",448,"2,066,053,775",383,"-161,825,728",
10900,Other Mining Support Services,"2,368","2,020","21,188,502,170","2,264","20,787,019,629","1,901","544,822,641",
11110,Meat Processing,272,247,"18,164,554,462",265,"17,963,094,636",233,"278,378,135",
11120,Poultry Processing,167,159,"1,654,984,004",164,"1,443,290,097",149,"298,048,245",
11130,Cured Meat and Smallgoods Manufacturing,98,87,"1,695,398,906",90,"1,623,699,066",77,"81,524,757",
11200,Seafood Processing,92,83,"757,905,814",87,"742,013,661",70,"14,369,474",
11310,Milk and Cream Processing,67,63,"767,599,958",65,"734,937,538",56,"32,689,657",
11320,Ice Cream Manufacturing,89,80,"411,592,860",86,"386,118,383",66,"11,850,169",
11330,Cheese and Other Dairy Product Manufacturing,208,187,"9,798,769,953",203,"9,427,464,207",176,"401,146,978",
11400,Fruit and Vegetable Processing,282,258,"1,426,445,917",272,"1,361,545,422",232,"90,526,577",
11500,Oil and Fat Manufacturing,79,65,"393,830,016",78,"401,546,827",68,"4,314,432",
11610,Grain Mill Product Manufacturing,41,38,"2,999,037,627",39,"2,878,400,067",34,"160,611,634",
11620,"Cereal, Pasta and Baking Mix Manufacturing",73,62,"1,576,051,796",70,"1,578,170,402",58,"52,351,085",
11710,Bread Manufacturing (Factory based),273,265,"857,162,928",266,"817,992,920",227,"47,905,668",
11720,Cake and Pastry Manufacturing (Factory based),276,265,"1,169,864,173",269,"1,099,439,694",212,"73,482,359",
11730,Biscuit Manufacturing (Factory based),41,40,"1,476,462,625",40,"1,384,893,399",35,"113,830,943",
11740,Bakery Product Manufacturing (Non-factory based),621,580,"525,030,544",593,"507,637,539",515,"17,489,447",
11810,Sugar Manufacturing,17,16,"3,025,215,566",17,"2,948,941,804",16,"-72,044,583",
11820,Confectionery Manufacturing,164,156,"689,805,196",161,"663,767,053",126,"52,423,611",
11910,"Potato, Corn and Other Crisp Manufacturing",29,29,"206,852,141",28,"181,128,362",23,"21,728,178",
11920,Prepared Animal and Bird Feed Manufacturing,156,144,"727,096,511",153,"700,297,972",128,"29,540,185",
11990,Other Food Product Manufacturing n.e.c.,"1,233","1,130","18,363,842,382","1,191","17,304,195,101","1,028","1,055,033,528",
12110,"Soft Drink, Cordial and Syrup Manufacturing",260,220,"5,937,902,877",245,"5,711,264,006",208,"380,823,458",
12120,Beer Manufacturing,251,225,"6,910,748,841",245,"6,388,418,185",204,"310,447,817",
12130,Spirit Manufacturing,66,51,"587,139,514",63,"594,659,751",54,"23,760,679",
12140,Wine and Other Alcoholic Beverage Manufacturing,"1,283","1,164","6,053,596,551","1,245","5,411,486,886","1,030","247,816,169",
12200,Cigarette and Tobacco Product Manufacturing,13,13,"23,789,580",13,"23,643,354",10,"94,802",
13110,Wool Scouring,14,13,"188,420,383",13,"173,492,365",12,"117,516,624",
13120,Natural Textile Manufacturing,22,20,"68,854,099",22,"73,095,781",19,"-2,824,703",
13130,Synthetic Textile Manufacturing,47,42,"64,952,965",46,"64,787,267",37,"-707,100",
13200,"Leather Tanning, Fur Dressing and Leather Product Manufacturing",126,114,"343,804,872",122,"331,339,867",96,"19,007,102",
13310,Textile Floor Covering Manufacturing,59,56,"798,838,655",59,"755,889,558",51,"28,504,889",
13320,"Rope, Cordage and Twine Manufacturing",44,42,"60,003,665",43,"56,981,431",39,"5,034,417",
13330,Cut and Sewn Textile Product Manufacturing,546,526,"893,476,000",540,"849,406,898",442,"43,535,783",
13340,Textile Finishing and Other Textile Product Manufacturing,279,265,"569,689,837",270,"538,577,266",212,"26,523,892",
13400,Knitted Product Manufacturing,43,36,"50,518,281",41,"48,070,336",35,"2,603,480",
13510,Clothing Manufacturing,"1,378","1,227","1,585,468,743","1,306","1,519,194,798","1,015","62,396,308",
13520,Footwear Manufacturing,92,81,"230,322,035",89,"211,921,638",73,"20,426,497",
14110,Log Sawmilling,260,235,"1,281,838,657",246,"1,205,608,369",204,"66,782,586",
14120,Wood Chipping,54,50,"541,667,566",52,"490,432,558",40,"106,905,911",
14130,Timber Resawing and Dressing,311,290,"1,463,504,459",304,"1,388,613,019",248,"84,050,124",
14910,Prefabricated Wooden Building Manufacturing,89,86,"217,347,571",88,"210,079,545",73,"7,672,941",
14920,Wooden Structural Fitting and Component Manufacturing,"1,667","1,596","3,062,949,236","1,613","2,840,531,261","1,288","220,582,132",
14930,Veneer and Plywood Manufacturing,22,21,"311,832,881",21,"303,359,255",20,"8,180,532",
14940,Reconstituted Wood Product Manufacturing,21,18,"238,323,545",20,"234,369,400",17,"1,025,821",
14990,Other Wood Product Manufacturing n.e.c.,314,291,"637,642,349",304,"583,434,130",244,"54,434,205",
15100,"Pulp, Paper and Paperboard Manufacturing",121,115,"6,199,680,164",119,"6,108,783,179",105,"83,909,240",
15210,Corrugated Paperboard and Paperboard Container Manufacturing,25,23,"4,117,806,354",25,"1,456,633,567",19,"51,999,148",
15220,Paper Bag Manufacturing,16,15,"67,015,102",16,"69,775,713",13,"-65,179",
15230,Paper Stationery Manufacturing,67,61,"258,646,903",63,"246,116,177",48,"8,003,216",
15240,Sanitary Paper Product Manufacturing,27,26,"2,399,797,515",26,"2,361,869,068",22,"128,742,393",
15290,Other Converted Paper Product Manufacturing,47,46,"760,723,734",47,"723,073,652",35,"44,097,278",
16110,Printing,"2,073","1,969","5,523,483,108","2,023","5,317,999,792","1,637","205,743,094",
16120,Printing Support Services,"1,114","1,038","1,229,205,125","1,076","1,170,380,101",835,"53,275,141",
16200,Reproduction of Recorded Media,"1,643","1,451","3,525,330,599","1,583","3,334,538,548","1,288","414,826,861",
17010,Petroleum Refining and Petroleum Fuel Manufacturing,52,39,"17,361,539,765",48,"17,292,415,762",44,"4,749,122",
17090,Other Petroleum and Coal Product Manufacturing,66,58,"789,484,425",63,"671,706,504",53,"49,545,999",
18110,Industrial Gas Manufacturing,26,20,"2,264,995,542",25,"2,009,689,199",23,"239,054,666",
18120,Basic Organic Chemical Manufacturing,236,214,"2,981,817,507",226,"2,903,851,671",189,"125,117,641",
18130,Basic Inorganic Chemical Manufacturing,53,47,"4,771,935,199",50,"4,471,545,044",44,"130,023,262",
18210,Synthetic Resin and Synthetic Rubber Manufacturing,24,24,"38,201,436",24,"36,189,979",19,"2,738,665",
18290,Other Basic Polymer Manufacturing,160,148,"934,165,812",153,"886,415,562",129,"59,647,423",
18310,Fertiliser Manufacturing,144,126,"3,055,741,030",137,"2,774,434,760",112,"251,229,424",
18320,Pesticide Manufacturing,34,32,"1,174,961,631",33,"1,079,420,610",28,"-2,523,012",
18410,Human Pharmaceutical and Medicinal Product Manufacturing,353,295,"12,150,101,493",332,"10,601,133,877",280,"868,702,175",
18420,Veterinary Pharmaceutical and Medicinal Product Manufacturing,107,96,"759,600,701",105,"699,461,374",93,"99,177,035",
18510,Cleaning Compound Manufacturing,211,199,"1,524,672,959",209,"1,379,315,623",166,"288,794,044",
18520,Cosmetic and Toiletry Preparation Manufacturing,366,330,"1,393,213,222",356,"1,307,325,539",291,"103,072,976",
18910,Photographic Chemical Product Manufacturing,19,17,"19,116,354",18,"20,091,041",16,"-171,621",
18920,Explosive Manufacturing,29,23,"414,663,921",27,"352,904,073",23,"66,867,375",
18990,Other Basic Chemical Product Manufacturing n.e.c.,277,255,"2,838,566,197",266,"2,728,712,831",233,"120,545,927",
19110,Polymer Film and Sheet Packaging Material Manufacturing,112,105,"1,340,704,263",107,"1,309,746,977",94,"44,682,603",
19120,Rigid and Semi-Rigid Polymer Product Manufacturing,552,510,"3,086,813,679",535,"2,908,372,377",432,"204,119,192",
19130,Polymer Foam Product Manufacturing,91,83,"619,415,824",86,"610,910,272",71,"12,779,086",
19140,Tyre Manufacturing,164,156,"297,741,681",161,"292,106,835",137,"8,351,281",
19150,Adhesive Manufacturing,40,39,"416,380,458",39,"380,968,187",31,"46,326,733",
19160,Paint and Coatings Manufacturing,193,184,"3,542,612,246",186,"3,223,676,691",158,"253,159,612",
19190,Other Polymer Product Manufacturing,197,182,"396,921,388",190,"382,371,841",152,"19,718,517",
19200,Natural Rubber Product Manufacturing,177,171,"953,145,992",176,"968,406,045",153,"26,076,774",
20100,Glass and Glass Product Manufacturing,581,557,"1,947,975,686",565,"1,828,326,943",455,"67,507,005",
20210,Clay Brick Manufacturing,32,30,"936,990,653",30,"827,792,001",25,"157,004,795",
20290,Other Ceramic Product Manufacturing,265,241,"624,047,394",256,"570,298,385",212,"44,072,403",
20310,Cement and Lime Manufacturing,44,41,"7,348,655,773",42,"6,743,878,019",36,"894,731,708",
20320,Plaster Product Manufacturing,129,116,"3,894,229,702",120,"3,615,217,111",105,"135,969,565",
20330,Ready-Mixed Concrete Manufacturing,493,468,"2,697,278,273",476,"2,798,846,222",408,"-6,071,657",
20340,Concrete Product Manufacturing,668,614,"4,506,101,223",642,"4,029,189,612",549,"105,145,919",
20900,Other Non-Metallic Mineral Product Manufacturing,359,343,"796,570,113",352,"768,926,277",280,"34,330,800",
21100,Iron Smelting and Steel Manufacturing,575,548,"12,548,565,889",566,"13,060,730,764",477,"-14,000,945",
21210,Iron and Steel Casting,69,65,"2,187,239,553",65,"1,063,536,995",55,"58,948,854",
21220,Steel Pipe and Tube Manufacturing,156,149,"924,118,429",148,"904,045,804",132,"-24,357,108",
21310,Alumina Production,15,14,"3,148,284,463",15,"2,922,575,625",14,"115,468,380",
21320,Aluminium Smelting,24,20,"2,214,153,117",22,"2,094,681,468",18,"156,274,872",
21330,"Copper, Silver, Lead and Zinc Smelting and Refining",18,18,"1,774,671,755",17,"1,248,154,772",15,"102,985,474",
21390,Other Basic Non-Ferrous Metal Manufacturing,33,33,"1,649,437,560",31,"1,628,221,019",27,"22,329,207",
21410,Non-Ferrous Metal Casting,62,58,"243,792,469",61,"228,556,984",51,"17,897,485",
21420,"Aluminium Rolling, Drawing, Extruding",118,113,"2,793,956,586",112,"2,617,336,406",101,"191,460,773",
21490,Other Basic Non-Ferrous Metal Product Manufacturing,89,87,"198,437,457",89,"200,339,365",72,"7,003,106",
22100,Iron and Steel Forging,38,37,"48,921,389",38,"48,160,609",32,"-30,159",
22210,Structural Steel Fabricating,"1,088","1,041","2,983,521,038","1,060","2,840,729,847",867,"156,121,092",
22220,Prefabricated Metal Building Manufacturing,423,394,"757,733,085",412,"731,337,554",339,"28,328,046",
22230,Architectural Aluminium Product Manufacturing,752,731,"2,750,817,388",740,"2,586,748,552",602,"143,240,517",
22240,Metal Roof and Guttering Manufacturing (except Aluminium),70,65,"564,062,451",67,"544,059,044",59,"30,064,295",
22290,Other Structural Metal Product Manufacturing,513,492,"741,775,073",506,"699,912,291",411,"42,447,076",
22310,"Boiler, Tank and Other Heavy Gauge Metal Container Manufacturing",552,511,"784,616,929",536,"737,858,961",423,"25,548,847",
22390,Other Metal Container Manufacturing,80,76,"151,996,201",77,"140,671,496",63,"11,102,298",
22400,Sheet Metal Product Manufacturing (except Metal Structural and Container Products),732,705,"1,517,535,036",709,"1,416,865,286",582,"102,405,928",
22910,Spring and Wire Product Manufacturing,161,150,"1,034,532,331",157,"950,279,969",133,"96,823,835",
22920,"Nut, Bolt, Screw and Rivet Manufacturing",77,71,"283,625,509",75,"261,277,985",63,"24,851,522",
22930,Metal Coating and Finishing,936,890,"1,899,007,906",909,"1,795,337,335",736,"82,595,707",
22990,Other Fabricated Metal Product Manufacturing n.e.c.,"2,711","2,548","4,580,667,010","2,625","4,359,862,880","2,117","270,468,213",
23110,Motor Vehicle Manufacturing,229,205,"7,787,337,486",220,"7,857,255,020",183,"-236,106,935",
23120,Motor Vehicle Body and Trailer Manufacturing,736,689,"3,665,057,341",724,"3,511,047,778",593,"229,600,317",
23130,Automotive Electrical Component Manufacturing,205,191,"1,893,910,137",202,"1,802,997,684",169,"47,763,973",
23190,Other Motor Vehicle Parts Manufacturing,353,325,"2,738,984,870",342,"2,604,432,560",293,"205,895,968",
23910,Shipbuilding and Repair Services,133,125,"1,438,660,426",131,"1,379,838,933",109,"88,528,248",
23920,Boatbuilding and Repair Services,663,601,"747,966,062",637,"734,457,590",499,"10,874,695",
23930,Railway Rolling Stock Manufacturing and Repair Services,86,80,"2,090,472,499",83,"1,965,431,209",68,"161,056,386",
23940,Aircraft Manufacturing and Repair Services,523,479,"3,192,258,619",504,"3,019,331,840",405,"301,466,603",
23990,Other Transport Equipment Manufacturing n.e.c.,262,235,"1,249,120,009",253,"1,207,315,178",213,"51,337,262",
24110,"Photographic, Optical and Ophthalmic Equipment Manufacturing",99,94,"763,944,100",97,"737,450,594",78,"23,019,901",
24120,Medical and Surgical Equipment Manufacturing,970,893,"5,231,458,519",944,"4,318,785,461",804,"840,401,745",
24190,Other Professional and Scientific Equipment Manufacturing,345,310,"1,515,647,638",338,"1,501,981,867",297,"43,587,838",
24211,Computer and Related Equipment Manufacturing,342,308,"670,823,234",330,"626,653,906",263,"81,490,016",
24219,Business Machine (Electronic) Manufacturing n.e.c.,169,157,"444,226,034",161,"451,317,000",136,"7,492,151",
24220,Communication Equipment Manufacturing,377,351,"2,563,412,988",368,"2,458,746,925",304,"184,720,123",
24290,Other Electronic Equipment Manufacturing,220,196,"793,811,925",212,"695,030,226",186,"138,489,682",
24310,Electric Cable and Wire Manufacturing,203,196,"1,669,728,368",199,"1,690,424,637",169,"19,864,562",
24320,Electric Lighting Equipment Manufacturing,385,355,"887,494,730",372,"877,185,988",309,"11,728,995",
24390,Other Electrical Equipment Manufacturing,806,730,"3,155,064,600",776,"3,051,946,454",654,"160,572,300",
24410,Whiteware Appliance Manufacturing,143,130,"754,681,936",141,"722,933,283",123,"43,755,515",
24490,Other Domestic Appliance Manufacturing,145,128,"303,395,252",137,"291,624,642",115,"16,431,434",
24510,Pump and Compressor Manufacturing,197,189,"1,700,406,419",192,"1,605,475,136",176,"119,631,533",
24520,"Fixed Space Heating, Cooling and Ventilation Equipment Manufacturing",327,302,"2,525,395,815",319,"2,398,505,065",262,"150,018,004",
24610,Agricultural Machinery and Equipment Manufacturing,399,360,"1,328,670,902",377,"1,270,030,784",328,"68,324,527",
24620,Mining and Construction Machinery Manufacturing,415,380,"3,746,814,860",401,"3,837,883,873",357,"149,389,344",
24630,Machine Tool and Parts Manufacturing,505,477,"1,547,516,846",492,"1,486,987,535",393,"64,690,141",
24690,Other Specialised Machinery and Equipment Manufacturing,377,337,"2,212,317,286",366,"1,898,313,398",304,"303,241,901",
24910,Lifting and Material Handling Equipment Manufacturing,158,146,"1,045,483,039",154,"1,065,150,420",123,"13,434,177",
24990,Other Machinery and Equipment Manufacturing n.e.c.,"1,044",947,"4,557,806,430","1,007","4,404,680,184",861,"199,438,232",
25110,Wooden Furniture and Upholstered Seat Manufacturing,"1,557","1,483","2,313,500,570","1,512","2,175,787,725","1,201","129,603,664",
25120,Metal Furniture Manufacturing,94,90,"244,285,405",93,"227,964,859",73,"17,358,107",
25130,Mattress Manufacturing,26,25,"117,133,445",25,"113,990,987",21,"4,284,750",
25190,Other Furniture Manufacturing,506,487,"1,503,480,521",495,"1,433,221,080",407,"80,031,170",
25910,Jewellery and Silverware Manufacturing,408,378,"295,376,712",396,"277,613,331",304,"17,285,136",
25920,"Toy, Sporting and Recreational Product Manufacturing",401,355,"945,929,355",390,"830,872,702",315,"130,142,108",
25990,Other Manufacturing n.e.c.,673,590,"774,698,673",649,"763,694,823",538,"19,799,339",
26110,Fossil Fuel Electricity Generation,<10,na,"9,371,739,648",na,"8,930,781,741",na,"55,868,396",
26120,Hydro-Electricity Generation,16,14,"5,926,512",15,"12,612,510",12,"-2,036,771",
26190,Other Electricity Generation,227,189,"1,685,465,409",211,"1,984,519,927",183,"-56,573,260",
26200,Electricity Transmission,34,30,"2,146,661,501",32,"1,699,127,371",28,"267,621,482",
26300,Electricity Distribution,202,169,"27,598,822,752",192,"29,283,768,993",161,"584,536,360",
26400,On Selling Electricity and Electricity Market Operation,97,85,"414,021,237",91,"411,853,305",81,"8,373,238",
27000,Gas Supply,118,106,"4,174,489,891",113,"3,426,431,077",94,"143,785,555",
28110,Water Supply,401,362,"1,741,895,552",389,"1,586,669,169",312,"80,792,121",
28120,Sewerage and Drainage Services,147,137,"169,308,016",141,"157,693,320",120,"13,058,291",
29110,Solid Waste Collection Services,462,433,"4,054,685,775",448,"3,794,481,201",370,"263,969,000",
29190,Other Waste Collection Services,242,221,"334,143,376",240,"303,535,061",190,"42,326,621",
29210,Waste Treatment and Disposal Services,730,669,"3,541,732,194",706,"3,333,977,200",608,"273,580,606",
29220,Waste Remediation and Materials Recovery Services,651,596,"3,809,246,944",624,"3,854,026,811",529,"163,579,016",
30110,House Construction,"16,710","14,936","35,263,844,181","16,036","33,451,323,189","13,197","1,272,637,620",
30190,Other Residential Building Construction,"9,391","8,072","21,102,636,344","8,922","19,680,896,699","7,535","814,216,929",
30200,Non-Residential Building Construction,"6,108","5,436","55,327,708,985","5,844","51,973,708,384","4,825","1,711,212,641",
31010,Road and Bridge Construction,"1,273","1,197","8,027,083,861","1,222","7,762,046,018","1,019","599,875,153",
31091,Swimming and Spa Pool Construction or Installation (Below Ground Concrete or Fibreglass),544,524,"638,060,325",531,"606,878,161",440,"30,299,824",
31099,Other Heavy and Civil Engineering Construction n.e.c.,"2,969","2,780","30,393,192,217","2,875","30,433,748,470","2,405","-75,214,593",
32110,Land Development and Subdivision,"8,603","6,144","20,222,523,083","8,030","17,428,016,340","7,119","673,509,123",
32120,Site Preparation Services,"4,950","4,730","8,005,338,469","4,815","7,575,275,558","3,881","346,949,709",
32210,Concreting Services,"3,736","3,589","4,657,495,187","3,633","4,420,766,340","2,996","210,340,758",
32220,Bricklaying Services,"1,753","1,664","1,038,866,363","1,687","993,965,165","1,339","38,696,667",
32230,Roofing Services,"2,336","2,242","4,086,015,793","2,266","3,882,054,647","1,814","247,294,266",
32240,Structural Steel Erection Services,"1,056","1,003","2,672,183,743","1,028","2,600,334,945",838,"95,177,431",
32310,Plumbing Services,"7,966","7,654","7,157,023,463","7,758","6,684,426,935","6,414","431,579,372",
32320,Electrical Services,"13,324","12,660","11,579,737,120","12,953","10,891,466,773","10,491","662,229,521",
32330,Air Conditioning and Heating Services,"3,265","3,157","6,309,569,891","3,186","5,991,265,495","2,670","310,341,583",
32340,Fire and Security Alarm Installation Services,"1,610","1,524","3,510,951,191","1,555","3,335,546,765","1,283","250,191,190",
32390,Other Building Installation Services,"3,116","2,962","4,746,383,606","3,040","4,495,848,332","2,447","246,915,786",
32410,Plastering and Ceiling Services,"3,758","3,574","3,517,227,267","3,652","3,371,557,706","2,889","129,557,787",
32420,Carpentry Services,"7,377","7,047","4,598,968,847","7,173","4,370,354,235","5,553","204,693,937",
32430,Tiling and Carpeting Services,"3,514","3,394","1,932,466,957","3,437","1,824,378,994","2,701","98,917,575",
32440,Painting and Decorating Services,"5,006","4,746","2,673,324,838","4,844","2,523,156,990","3,815","135,390,761",
32450,Glazing Services,"1,064","1,013","1,486,296,093","1,030","1,422,349,860",834,"62,533,156",
32910,Landscape Construction Services,"3,271","3,116","3,067,892,018","3,178","2,926,884,259","2,546","122,212,894",
32920,Hire of Construction Machinery with Operator,"3,444","3,226","3,791,619,236","3,340","3,653,367,390","2,733","167,736,592",
32990,Other Construction Services n.e.c.,"6,976","6,486","8,836,110,447","6,718","8,652,161,762","5,374","234,162,911",
33110,Wool Wholesaling,118,108,"2,364,715,229",114,"2,414,678,123",100,"382,200",
33120,Cereal Grain Wholesaling,178,160,"12,499,311,096",166,"12,538,194,795",146,"-160,514,637",
33190,Other Agricultural Product Wholesaling,"1,667","1,526","11,941,368,483","1,601","11,543,830,642","1,336","502,655,919",
33210,Petroleum Product Wholesaling,405,366,"30,285,101,652",386,"29,592,625,949",324,"371,824,048",
33221,Metal Waste and Scrap Wholesaling,519,468,"1,823,851,316",495,"1,800,197,754",425,"30,027,736",
33229,Other Metal and Mineral Wholesaling,231,201,"7,624,220,708",217,"8,001,795,083",185,"82,717,801",
33230,Industrial and Agricultural Chemical Product Wholesaling,"1,163","1,073","10,935,555,089","1,134","10,731,791,312",967,"330,389,806",
33310,Timber Wholesaling,565,528,"3,640,362,216",553,"3,470,847,831",449,"154,933,262",
33320,Plumbing Goods Wholesaling,428,403,"4,394,556,590",418,"3,948,312,813",349,"450,336,906",
33390,Other Hardware Goods Wholesaling,"2,162","2,009","10,941,628,116","2,101","10,481,513,354","1,751","437,890,393",
34110,Agricultural and Construction Machinery Wholesaling,438,418,"6,952,778,757",430,"6,653,157,485",363,"338,696,706",
34190,Other Specialised Industrial Machinery and Equipment Wholesaling,"1,388","1,278","12,956,408,920","1,343","12,600,961,033","1,133","282,170,801",
34910,Professional and Scientific Goods Wholesaling,"1,101","1,031","9,209,560,565","1,076","8,793,637,263",925,"546,604,496",
34920,Computer and Computer Peripheral Wholesaling,749,684,"20,729,216,084",707,"20,275,920,528",566,"790,721,550",
34930,Telecommunication Goods Wholesaling,317,299,"2,522,275,926",309,"2,472,740,091",247,"116,752,489",
34940,Other Electrical and Electronic Goods Wholesaling,"2,812","2,611","29,826,599,273","2,728","29,350,598,878","2,297","923,655,825",
34990,Other Machinery and Equipment Wholesaling n.e.c.,"1,498","1,407","7,465,550,107","1,463","7,331,656,217","1,238","202,620,117",
35010,Car Wholesaling,422,374,"41,728,832,826",391,"40,064,457,852",320,"1,742,244,700",
35020,Commercial Vehicle Wholesaling,166,156,"2,423,659,084",161,"2,385,433,849",130,"52,683,325",
35030,Trailer and Other Motor Vehicle Wholesaling,114,101,"802,320,756",107,"769,369,188",86,"42,193,262",
35040,Motor Vehicle New Parts Wholesaling,"1,273","1,192","7,606,892,126","1,228","7,290,904,072","1,016","348,657,793",
35050,Motor Vehicle Dismantling and Used Parts Wholesaling,512,480,"737,532,165",494,"723,897,870",389,"6,658,203",
36010,General Line Grocery Wholesaling,159,151,"633,452,095",155,"635,504,209",131,"3,628,435",
36020,"Meat, Poultry and Smallgoods Wholesaling",817,747,"8,251,137,070",791,"8,064,408,069",679,"181,041,731",
36030,Dairy Produce Wholesaling,247,222,"2,945,109,004",234,"2,917,181,822",197,"-93,538,322",
36040,Fish and Seafood Wholesaling,488,449,"3,369,514,635",472,"3,260,268,556",394,"107,414,059",
36050,Fruit and Vegetable Wholesaling,846,783,"6,750,360,250",808,"6,558,486,545",714,"218,768,884",
36061,Liquor Wholesaling,"1,180","1,019","3,217,791,773","1,129","3,131,854,608",987,"76,371,287",
36062,Tobacco Product Wholesaling,228,218,"6,855,972,191",224,"5,875,653,884",208,"1,188,671,459",
36090,Other Grocery Wholesaling,"2,294","2,111","32,853,030,420","2,217","31,805,255,398","1,893","1,082,409,846",
37110,Textile Product Wholesaling,475,437,"1,541,902,703",455,"1,464,190,583",387,"39,667,290",
37120,Clothing and Footwear Wholesaling,"1,579","1,417","8,039,595,946","1,502","7,663,129,927","1,238","439,369,798",
37200,Pharmaceutical and Toiletry Goods Wholesaling,861,766,"26,553,000,970",825,"25,625,448,533",723,"1,205,151,251",
37310,Furniture and Floor Covering Wholesaling,963,885,"2,964,009,122",936,"2,864,766,920",761,"91,186,597",
37320,Jewellery and Watch Wholesaling,522,480,"1,757,998,254",505,"1,657,642,028",401,"99,800,026",
37330,Kitchen and Diningware Wholesaling,391,364,"1,238,118,418",383,"1,178,003,430",309,"45,637,247",
37340,Toy and Sporting Goods Wholesaling,693,648,"3,211,251,293",676,"2,899,093,476",540,"315,708,736",
37350,Book and Magazine Wholesaling,224,203,"319,786,821",214,"306,658,148",180,"14,160,890",
37360,Paper Product Wholesaling,419,391,"4,636,919,272",409,"4,593,602,788",336,"78,358,193",
37390,Other Goods Wholesaling n.e.c.,"9,039","8,169","40,139,367,877","8,714","39,611,666,886","7,189","1,893,884,078",
38000,Commission-Based Wholesaling,"1,061",900,"4,048,443,136",998,"3,676,417,152",863,"153,834,662",
39110,Car Retailing,"2,204","2,079","49,531,833,295","2,119","48,118,013,860","1,765","1,482,802,550",
39120,Motor Cycle Retailing,429,413,"2,584,792,633",417,"2,488,364,272",329,"85,075,651",
39130,Trailer and Other Motor Vehicle Retailing,363,338,"1,414,517,431",353,"1,374,500,336",293,"34,103,549",
39211,Motor Vehicle Battery Retailing,140,131,"168,680,010",136,"168,454,457",120,"642,869",
39219,Motor Vehicle Parts Retailing n.e.c.,685,638,"1,859,492,472",662,"1,826,313,394",532,"58,147,509",
39220,Tyre Retailing,919,875,"2,923,606,431",894,"2,837,245,496",780,"81,546,834",
40000,Fuel Retailing,"1,699","1,614","16,250,573,203","1,639","16,069,402,757","1,442","213,970,420",
41100,Supermarket and Grocery Stores,"3,027","2,855","129,218,108,532","2,913","129,055,394,362","2,522","5,567,657,309",
41211,Meat Retailing (Except Poultry or Canned Meat),"1,000",954,"1,630,265,766",978,"1,611,064,454",828,"29,184,981",
41212,Fresh Fish Retailing,311,293,"496,274,660",300,"482,164,104",254,"12,054,933",
41213,Fresh Poultry Retailing,107,103,"187,460,705",104,"171,553,631",89,"14,406,772",
41220,Fruit and Vegetable Retailing,810,763,"2,442,916,499",790,"2,390,906,365",676,"48,652,700",
41230,Liquor Retailing,"1,071",997,"1,980,920,375","1,041","1,943,950,088",881,"29,970,665",
41290,Other Specialised Food Retailing,"3,471","3,201","3,307,308,350","3,340","3,243,464,976","2,827","73,889,735",
42110,Furniture Retailing,"1,825","1,684","5,953,190,172","1,755","5,838,363,218","1,425","167,409,582",
42120,Floor Coverings Retailing,"1,257","1,196","2,718,610,347","1,222","2,610,973,908",995,"99,365,141",
42130,Houseware Retailing,665,624,"795,253,530",646,"757,232,576",525,"38,999,375",
42140,Manchester and Other Textile Goods Retailing,511,469,"2,519,826,329",487,"1,986,047,694",398,"431,882,617",
42210,"Electrical, Electronic and Gas Appliance Retailing","2,310","2,136","10,895,554,412","2,237","10,601,315,421","1,856","430,045,103",
42220,Computer and Computer Peripheral Retailing,"1,366","1,266","3,337,958,981","1,322","3,276,098,458","1,077","125,760,730",
42290,Other Electrical and Electronic Goods Retailing,683,626,"842,648,991",653,"838,801,342",537,"7,259,496",
42310,Hardware and Building Supplies Retailing,"1,856","1,748","7,145,022,463","1,806","10,133,967,340","1,496","-160,508,352",
42320,Garden Supplies Retailing,928,874,"2,261,112,960",903,"2,170,201,170",736,"82,877,322",
42410,Sport and Camping Equipment Retailing,"1,497","1,400","1,842,228,830","1,451","1,799,396,242","1,185","41,451,312",
42420,Entertainment Media Retailing,413,357,"401,258,276",396,"376,339,293",316,"18,367,334",
42430,Toy and Game Retailing,575,511,"1,601,253,110",552,"1,554,735,773",446,"53,211,050",
42441,Newsagents,"1,084","1,022","950,519,736","1,040","940,467,803",842,"7,676,848",
42442,Book Retailing,322,293,"752,765,163",309,"724,820,415",249,"25,663,426",
42450,Marine Equipment Retailing,691,617,"1,347,941,041",663,"1,325,549,116",517,"30,980,982",
42510,Clothing Retailing,"4,182","3,789","14,603,602,682","4,017","14,232,920,950","3,283","540,051,202",
42520,Footwear Retailing,531,494,"2,136,259,178",517,"2,084,248,117",437,"71,294,033",
42530,Watch and Jewellery Retailing,564,523,"941,203,793",551,"896,980,562",443,"46,730,611",
42590,Other Personal Accessory Retailing,424,391,"801,535,684",415,"748,518,585",334,"41,447,938",
42600,Department Stores,64,60,"5,608,447,293",62,"5,395,468,725",57,"187,696,360",
42711,Chemist or Pharmacy Operations,"1,723","1,636","7,843,815,356","1,637","7,279,598,158","1,475","590,679,177",
42712,"Cosmetics, Perfumes and Toiletry Goods Retailing (Except Direct Marketing) n.e.c.",371,338,"549,971,303",357,"541,499,456",294,"14,743,841",
42720,Stationery Goods Retailing,398,373,"602,645,589",382,"579,232,222",309,"20,346,599",
42731,Pawnbroking,147,141,"96,504,816",145,"87,257,030",116,"8,626,501",
42732,Antiques Retailing (Except Pawnbroking or Disposal Stores),198,180,"85,432,406",190,"77,720,055",149,"6,383,129",
42733,Disposal Stores (Second Hand Goods Retailing Except Pawnbroking and Antiques),284,263,"419,039,562",274,"414,547,407",209,"4,122,536",
42740,Flower Retailing,448,417,"260,394,966",433,"252,745,371",336,"4,182,697",
42791,Swimming Pool and Spa Retailing,398,373,"426,662,619",383,"413,135,329",310,"15,582,786",
42792,Art Dealers (Including Retail Art Gallery Operation Except by Direct Marketing),480,423,"211,240,760",455,"200,454,281",366,"11,818,910",
42793,Adult Sex Shop Operation,140,125,"107,850,120",134,"97,218,065",111,"10,683,143",
42794,Pets Retailing,405,383,"502,867,290",394,"481,709,200",338,"21,353,915",
42799,Other Store-Based Retailing n.e.c.,"7,531","6,985","15,925,225,393","7,285","15,509,710,980","5,996","530,181,258",
43101,"Cosmetics, Perfumes and Toiletry Goods Retailing by Direct Marketing (Except Commission Based)",334,299,"587,283,590",324,"574,396,143",277,"20,282,832",
43102,Jewellery Retailing by Direct Marketing (Except Commission Based),646,597,"2,640,076,239",627,"2,456,186,847",502,"177,248,753",
43109,Non-Store Retailing n.e.c.,"2,039","1,818","2,743,324,234","1,954","2,669,524,835","1,600","94,806,223",
43201,"Cosmetics, Perfumes and Toiletry Goods Retailing Commission Based",85,77,"49,949,806",83,"47,822,400",70,"2,494,502",
43202,Jewellery Retailing Commission Based,42,40,"32,323,981",40,"29,798,391",35,"2,470,551",
43209,Retail Commission-Based Buying and/or Selling n.e.c.,"1,217","1,072","634,495,984","1,151","615,033,184",930,"22,813,623",
44000,Accommodation,"4,499","4,245","13,372,780,707","4,341","12,118,658,340","3,550","639,302,398",
45110,Cafes and Restaurants,"16,524","15,446","14,558,839,854","16,026","14,432,601,919","13,281","105,891,304",
45120,Takeaway Food Services,"6,851","6,450","6,945,696,300","6,632","6,095,296,819","5,546","522,561,385",
45130,Catering Services,"1,195","1,099","3,339,418,399","1,149","3,343,802,981",933,"34,020,301",
45200,"Pubs, Taverns and Bars","2,174","2,040","10,053,419,024","2,101","9,485,954,550","1,780","751,563,382",
45301,Licensed Clubs (Hospitality) Operation,611,597,"4,907,291,852",600,"4,518,418,808",453,"29,873,084",
45302,Unlicensed Clubs (Hospitality) Operation,64,58,"182,314,640",61,"173,462,683",53,"1,562,199",
46100,Road Freight Transport,"16,547","15,708","21,400,066,399","16,022","20,672,408,545","12,500","795,988,102",
46210,Interurban and Rural Bus Transport,276,259,"959,547,350",264,"941,789,966",206,"23,730,949",
46220,Urban Bus Transport (Including Tramway),621,603,"2,990,423,467",610,"2,789,678,296",501,"222,227,906",
46231,Taxi Service Operation,"1,064","1,007","788,377,778","1,026","758,301,446",769,"76,156,318",
46239,Other Road Transport (Except Taxi),891,832,"903,881,561",860,"847,381,449",662,"63,030,232",
47100,Rail Freight Transport,49,43,"9,385,155,160",48,"8,518,028,542",43,"901,626,716",
47200,Rail Passenger Transport,<10,na,"273,583",na,"344,703",na,"-60,487",
48100,Water Freight Transport,375,338,"3,837,956,830",350,"3,608,694,389",294,"278,088,098",
48200,Water Passenger Transport,410,372,"596,676,661",390,"577,349,308",309,"-746,539",
49001,Aircraft Charter and Lease,885,781,"3,385,173,408",854,"3,451,740,442",659,"-69,087,293",
49009,Other Air and Space Transport,113,104,"23,335,326,798",106,"22,324,420,366",93,"-622,840,998",
50100,Scenic and Sightseeing Transport,412,368,"472,411,284",395,"444,044,639",304,"23,831,251",
50210,Pipeline Transport,35,32,"289,723,816",33,"232,897,521",30,"52,520,730",
50290,Other Transport n.e.c.,"4,623","4,343","9,602,478,160","4,465","9,523,013,491","3,501","210,976,205",
51010,Postal Services,"2,047","1,977","7,371,794,200","2,017","7,295,599,214","1,510","182,450,481",
51020,Courier Pick-up and Delivery Services,"6,230","5,943","3,204,847,388","6,064","3,187,412,391","4,314","35,852,008",
52110,Stevedoring Services,50,45,"869,382,369",47,"1,087,361,108",41,"-240,581,208",
52120,Port and Water Transport Terminal Operations,96,87,"1,433,237,016",91,"1,565,984,222",73,"61,284,524",
52190,Other Water Transport Support Services,535,501,"3,465,098,367",519,"3,196,156,860",421,"213,868,620",
52200,Airport Operations and Other Air Transport Support Services,488,431,"6,448,866,604",470,"5,213,212,531",386,"724,997,808",
52910,Customs Agency Services,600,533,"1,665,743,809",571,"1,611,346,503",477,"63,061,158",
52920,Freight Forwarding Services,"1,050",991,"11,849,068,005","1,014","11,671,696,633",853,"148,150,113",
52991,Taxi Driver,120,112,"8,820,531",117,"8,968,755",78,"-356,073",
52999,Other Transport Support Services n.e.c.,760,708,"5,361,443,562",734,"4,949,679,747",598,"151,630,021",
53010,Grain Storage Services,130,121,"4,965,905,385",127,"4,543,163,009",109,"-22,547,020",
53090,Other Warehousing and Storage Services,956,880,"3,974,565,629",923,"3,840,186,379",777,"164,815,724",
54110,Newspaper Publishing,286,274,"6,860,944,748",280,"6,718,022,543",216,"313,195,671",
54120,Magazine and Other Periodical Publishing,399,368,"812,203,478",384,"921,229,658",299,"2,976,978",
54130,Book Publishing,756,655,"2,155,364,279",713,"2,034,865,461",572,"150,201,858",
54140,Directory and Mailing List Publishing,39,32,"766,830,270",35,"667,909,000",30,"52,180,857",
54190,"Other Publishing (except Software, Music and Internet)",168,140,"58,399,291",153,"47,909,618",134,"12,536,414",
54200,Software Publishing,"1,499","1,202","2,535,778,013","1,432","2,658,233,732","1,239","208,514,337",
55110,Motion Picture and Video Production,"3,555","3,095","3,321,030,995","3,399","3,190,659,032","2,688","-125,585,767",
55120,Motion Picture and Video Distribution,224,199,"2,430,007,747",215,"2,373,488,988",165,"-10,530,125",
55130,Motion Picture Exhibition,167,155,"1,306,175,593",162,"1,092,844,232",124,"204,669,396",
55140,Post-production Services and Other Motion Picture and Video Activities,111,103,"86,636,055",109,"74,849,488",88,"13,319,683",
55210,Music Publishing,78,67,"37,227,465",76,"36,599,961",69,"839,170",
55220,Music and Other Sound Recording Activities,498,451,"141,079,896",480,"126,866,937",381,"13,771,436",
56100,Radio Broadcasting,140,125,"730,038,577",135,"639,124,978",111,"135,102,891",
56210,Free-to-Air Television Broadcasting,127,110,"4,083,830,467",115,"3,579,081,689",86,"346,376,923",
56220,Cable and Other Subscription Broadcasting,138,130,"3,236,368,361",131,"3,183,114,504",108,"49,845,110",
57000,Internet Publishing and Broadcasting,408,336,"328,778,443",385,"308,265,865",322,"30,472,581",
58010,Wired Telecommunications Network Operation,"2,455","2,280","51,754,382,513","2,386","45,436,693,132","1,856","4,698,304,317",
58020,Other Telecommunications Network Operation,346,318,"718,933,433",333,"884,142,051",264,"45,899,548",
58090,Other Telecommunications Services,"1,187","1,081","2,628,451,619","1,150","2,597,495,721",921,"62,495,542",
59100,Internet Service Providers and Web Search Portals,712,601,"1,021,966,030",678,"1,035,213,260",563,"30,418,761",
59210,Data Processing and Web Hosting Services,614,542,"997,551,806",595,"1,016,249,522",485,"35,998,133",
59220,Electronic Information Storage Services,353,302,"1,040,665,404",334,"1,020,612,058",268,"89,414,456",
60100,Libraries and Archives,81,74,"300,067,481",79,"279,492,344",58,"16,893,889",
60200,Other Information Services,706,589,"275,661,547",644,"275,484,443",542,"17,337,449",
62100,Central Banking,<10,na,"9,700,107",na,"3,971,635",na,"6,005,578",
62300,Non-Depository Financing,"1,447","1,220","5,497,851,798","1,305","5,087,309,127","1,107","321,913,534",
62400,Financial Asset Investing,"114,679","89,439","105,577,292,347","90,526","69,903,234,613","94,860","43,231,718,681",
63100,Life Insurance,24,22,"42,215,973,935",22,"40,450,887,691",19,"7,029,201,074",
63210,Health Insurance,36,34,"17,940,017,260",35,"16,846,711,661",28,"1,092,095,927",
63220,General Insurance,812,755,"44,890,705,604",770,"42,269,305,046",673,"2,787,633,867",
63300,Superannuation Funds,121,15,"312,849,823",18,"299,579,109",17,"24,925,406",
64110,Financial Asset Broking Services,"8,245","7,567","23,505,836,908","7,942","21,729,387,271","6,442","485,982,279",
64190,Other Auxiliary Finance and Investment Services,"40,290","24,543","33,500,138,621","24,838","25,774,342,941","24,565","7,706,606,603",
64200,Auxiliary Insurance Services,"3,053","2,738","7,227,550,428","2,912","6,029,339,886","2,517","1,500,567,229",
66110,Passenger Car Rental and Hiring,"1,421","1,293","3,775,131,798","1,365","3,409,618,112","1,077","246,274,581",
66190,Other Motor Vehicle and Transport Equipment Rental and Hiring,"1,419","1,316","2,505,652,675","1,382","2,453,421,790","1,138","75,643,388",
66200,Farm Animal and Bloodstock Leasing,80,73,"27,782,827",75,"27,295,125",57,"-431,312",
66310,Heavy Machinery and Scaffolding Rental and Hiring,"2,879","2,634","8,457,599,693","2,759","6,128,739,718","2,302","523,706,165",
66320,Video and Other Electronic Media Rental and Hiring,261,230,"133,992,988",247,"124,819,148",198,"5,352,089",
66390,Other Goods and Equipment Rental and Hiring n.e.c.,"4,511","4,094","4,541,379,182","4,328","4,314,868,493","3,393","385,662,741",
66400,Non-Financial Intangible Assets (Except Copyrights) Leasing,502,415,"566,331,481",469,"387,240,264",410,"185,430,174",
67110,Residential Property Operators,"48,291","34,389","3,795,839,208","39,110","3,197,019,348","38,922","559,440,366",
67120,Non-Residential Property Operators,"16,614","15,264","16,575,581,011","15,858","11,471,353,602","13,691","3,737,449,994",
67200,Real Estate Services,"36,283","29,436","14,625,707,480","34,557","12,947,448,473","31,737","1,599,007,234",
69100,Scientific Research Services,"2,877","2,275","2,934,849,006","2,743","3,813,086,958","2,335","-143,450,158",
69210,Architectural Services,"5,753","5,378","3,612,842,994","5,604","3,139,716,459","4,530","479,295,322",
69220,Surveying and Mapping Services,"2,167","2,007","4,406,196,756","2,116","4,350,704,910","1,790","180,734,280",
69230,Engineering Design and Engineering Consulting Services,"22,666","20,384","67,442,085,557","21,816","64,739,687,826","17,716","3,749,520,122",
69240,Other Specialised Design Services,"4,070","3,799","2,287,568,900","3,955","2,094,969,835","3,138","198,734,703",
69250,Scientific Testing and Analysis Services,"1,975","1,792","3,190,488,681","1,926","3,298,093,081","1,551","108,852,596",
69310,Legal Services,"4,886","4,614","5,013,097,077","4,747","5,384,576,623","4,062","729,585,637",
69320,Accounting Services,"11,602","10,728","5,427,445,336","11,082","4,670,077,366","8,924","754,925,793",
69400,Advertising Services,"6,230","5,580","12,651,313,232","5,971","11,221,482,240","4,932","1,821,217,580",
69500,Market Research and Statistical Services,"1,445","1,274","1,679,248,089","1,384","1,538,033,226","1,128","164,422,356",
69610,Corporate Head Office Management Services,962,769,"1,461,863,112",802,"1,586,507,236",709,"211,099,460",
69621,Environmental Management Consultancy,"2,086","1,877","1,437,075,328","2,017","1,353,288,605","1,628","126,864,928",
69622,OHAS Consultancy,"1,113","1,012","322,455,725","1,076","292,594,273",852,"35,810,110",
69629,Management Advice and Related Consulting Services n.e.c.,"43,063","37,362","30,634,307,319","40,326","27,458,073,969","32,391","3,293,359,141",
69700,Veterinary Services,"1,279","1,234","2,049,434,873","1,255","1,852,893,493","1,122","195,635,263",
69910,Professional Photographic Services,"1,770","1,650","540,899,781","1,719","508,923,767","1,328","29,809,384",
69990,"Other Professional, Scientific and Technical Services n.e.c.","2,353","2,110","1,044,583,075","2,257","934,184,814","1,775","148,742,813",
70000,Computer System Design and Related Services,"25,986","22,943","36,427,784,759","25,080","35,646,351,157","20,010","2,602,705,498",
72110,Employment Placement and Recruitment Services,"3,343","3,001","15,478,495,027","3,201","15,223,117,404","2,706","485,951,543",
72120,Labour Supply Services,"3,871","3,551","11,550,440,693","3,709","11,368,308,838","3,005","306,485,842",
72200,Travel Agency and Tour Arrangement Services,"3,925","3,574","11,016,120,523","3,776","10,480,189,234","3,046","565,704,525",
72910,Office Administrative Services,"1,404","1,131","618,218,653","1,190","565,499,714",959,"58,550,147",
72920,Document Preparation Services,137,123,"74,265,495",132,"75,528,444",95,"757,715",
72930,Credit Reporting and Debt Collection Services,485,445,"1,695,755,918",464,"1,399,449,775",378,"257,018,959",
72940,Call Centre Operation,78,74,"212,022,822",74,"201,662,044",64,"10,983,327",
72990,Other Administrative Services n.e.c.,"3,020","2,410","2,366,902,410","2,538","2,197,249,071","2,227","192,925,786",
73110,Building and Other Industrial Cleaning Services,"7,768","7,353","6,096,471,710","7,510","5,822,863,848","5,922","286,715,691",
73120,Building Pest Control Services,"1,214","1,144","794,800,827","1,174","744,399,038",923,"65,015,829",
73130,Gardening Services,"1,682","1,600","673,611,433","1,636","641,960,549","1,276","31,520,227",
73200,Packaging Services,460,430,"1,042,376,333",439,"1,001,644,038",374,"46,276,984",
75100,Central Government Administration,<10,na,"7,159,120",na,"7,985,467",na,"-795,878",
75200,State Government Administration,43,40,"15,113,671",41,"12,026,750",33,"3,208,644",
75300,Local Government Administration,22,17,"3,935,043",18,"3,290,105",15,"569,675",
75400,Justice,44,40,"19,306,867",41,"16,767,671",33,"2,282,392",
75510,Domestic Government Representation,<10,na,"248,885",na,"163,186",na,0,
75520,Foreign Government Representation,27,21,"43,416,862",26,"40,027,207",20,"4,643,788",
76000,Defence,49,45,"1,358,548,191",48,"1,237,672,524",41,"172,449,621",
77110,Police Services,63,59,"4,496,772",60,"3,636,107",49,"1,858,614",
77120,Investigation and Security Services,"3,073","2,803","4,041,626,209","2,937","3,893,824,527","2,378","173,933,425",
77130,Fire Protection and Other Emergency Services,491,462,"778,348,746",477,"732,656,250",416,"34,035,445",
77140,Correctional and Detention Services,<10,na,"1,376,240,868",na,"1,240,253,082",na,"13,487,653",
77190,Other Public Order and Safety Services,373,334,"198,646,003",361,"191,802,824",289,"10,387,840",
77200,Regulatory Services,"5,275","2,659","114,483,084","3,807","91,927,233","3,723","22,756,738",
80100,Preschool Education,261,240,"213,575,248",257,"183,673,740",234,"28,472,363",
80210,Primary Education,15,13,"2,542,454",14,"2,383,265",9,"43,169",
80220,Secondary Education,33,32,"70,399,334",33,"71,140,073",23,"-1,673,204",
80230,Combined Primary and Secondary Education,38,36,"9,374,537",35,"14,908,459",27,"-5,186,059",
80240,Special School Education,79,70,"35,853,517",77,"32,286,226",68,"3,521,022",
81011,Computer Training (Vocational),442,398,"239,534,229",423,"223,015,396",311,"15,509,397",
81019,Technical and Vocational Education and Training n.e.c.,"3,330","3,006","3,608,867,689","3,202","3,320,898,131","2,603","310,416,923",
81020,Higher Education,113,94,"248,626,818",105,"197,264,683",84,"52,130,465",
82110,Sports and Physical Recreation Instruction,"1,743","1,622","522,077,780","1,694","488,032,529","1,292","29,248,777",
82120,Arts Education,431,401,"134,617,440",420,"130,863,094",318,"3,208,239",
82191,Flying School Operation,130,124,"165,310,803",128,"156,818,273",106,"6,452,921",
82199,"Adult, Community and Other Education n.e.c.","3,815","3,424","3,950,938,944","3,665","3,597,554,054","2,969","351,443,420",
82200,Educational Support Services,"1,350","1,208","912,610,358","1,306","755,179,497","1,055","160,020,941",
84010,Hospitals (Except Psychiatric Hospitals),93,83,"5,121,540,117",90,"4,451,109,045",78,"655,755,170",
84020,Psychiatric Hospitals,13,13,"33,970,995",13,"31,804,359",11,"3,827,731",
85110,General Practice Medical Services,"9,787","9,390","5,074,681,580","9,505","4,634,184,375","6,615","440,781,736",
85121,Anaesthetist (Own Account),394,386,"195,647,864",387,"174,308,088",192,"19,549,046",
85122,Specialist Medical Clinic Operation,"1,174","1,123","1,824,090,074","1,146","1,594,034,419",872,"217,808,390",
85123,Dermatologist (Own Account),88,86,"66,616,445",87,"58,183,345",58,"8,929,412",
85124,Gynaecologist and Obstetrician (Own Account),201,196,"146,792,822",197,"130,789,844",128,"16,148,853",
85125,Psychiatrist (Own Account),572,550,"172,646,622",562,"156,956,452",368,"13,662,067",
85129,Specialist Medical Services n.e.c.,"4,324","4,094","4,929,053,297","4,200","4,475,593,049","2,936","583,433,443",
85201,X-Ray Clinic Operation,53,50,"103,529,784",53,"107,070,835",43,"-4,053,860",
85202,Pathologist (Own Account),96,83,"2,410,664,899",93,"2,089,240,832",87,"144,933,599",
85203,Radiologist (Own Account),336,313,"990,514,451",325,"871,490,832",255,"131,939,864",
85209,Other Pathology and Diagnostic Imaging Services,167,149,"957,375,912",158,"925,865,182",137,"47,863,265",
85310,Dental Services,"3,597","3,436","2,819,180,627","3,490","2,495,529,035","2,805","327,979,273",
85320,Optometry and Optical Dispensing,"1,320","1,274","2,649,684,441","1,289","2,514,924,348","1,143","136,721,074",
85330,Physiotherapy Services,"2,023","1,939","1,009,030,019","1,975","910,159,502","1,671","106,182,267",
85340,Chiropractic and Osteopathic Services,"1,525","1,482","475,404,485","1,494","438,430,060","1,169","36,724,024",
85391,Complementary and Alternative Services,"1,204","1,153","284,068,989","1,176","275,006,713",900,"3,492,921",
85399,Other Allied Health Services (Mainstream),"2,828","2,678","1,841,376,086","2,762","1,652,764,396","2,205","181,669,747",
85910,Ambulance Services,24,22,"16,149,252",24,"15,680,459",20,"193,990",
85990,Other Health Care Services n.e.c.,"2,591","2,381","5,464,942,267","2,501","5,243,256,990","1,931","185,532,192",
86011,Retirement Village Operation,226,203,"2,504,423,723",221,"2,308,274,019",194,"166,231,161",
86012,Accommodation for the Aged Operation,256,233,"1,890,176,444",247,"1,649,603,661",214,"96,083,451",
86090,Other Residential Care Services,130,122,"70,961,782",128,"67,305,065",105,"3,548,919",
87100,Child Care Services,"2,152","1,961","3,513,187,793","2,072","3,159,576,202","1,827","395,378,085",
87900,Other Social Assistance Services,719,639,"402,374,177",666,"404,356,797",546,"8,981,395",
89100,Museum Operation,33,26,"18,925,279",31,"17,616,288",23,"-5,509,768",
89210,Zoological and Botanical Gardens Operation,61,56,"235,854,883",59,"223,435,354",47,"-4,267,861",
89220,Nature Reserves and Conservation Parks Operation,136,122,"76,943,679",128,"69,309,981",101,"7,621,443",
90010,Performing Arts Operation,502,466,"432,446,675",487,"410,969,587",379,"9,564,352",
90020,Comedian,77,72,"20,000,329",74,"16,378,416",62,"2,899,803",
90021,Musicians and Entertainers,"1,583","1,474","704,820,939","1,525","562,086,618","1,269","137,548,895",
90029,"Other Creative Artists, Writers and Performers","1,376","1,260","518,127,288","1,344","464,065,618","1,052","54,459,622",
90030,Performing Arts Venue Operation,432,386,"392,880,421",416,"370,004,831",344,"24,258,388",
91110,Health and Fitness Centres and Gymnasia Operation,"3,320","3,090","2,026,357,804","3,232","1,833,651,727","2,512","24,606,807",
91121,Jockeys,12,12,"2,943,988",10,"2,688,329",11,"-5,052",
91122,Professional Basketballers,<10,na,"289,008",na,"332,499",na,"-44,288",
91123,Professional Cricketers,<10,na,"3,835,303",na,"67,237",na,"3,772,096",
91124,Professional Footballers,18,16,"351,299",16,"92,548",16,"261,419",
91126,Professional Sportspersons n.e.c.,166,153,"40,702,041",160,"29,273,250",134,"9,600,056",
91129,Sports and Physical Recreation Clubs n.e.c.,254,234,"217,930,487",243,"234,629,107",182,"-5,851,355",
91131,Squash and Tennis Court Operation,85,83,"27,283,703",83,"26,978,705",65,"246,973",
91139,"Sports and Physical Recreation Venues, Grounds and Facilities Operation n.e.c.",664,610,"650,331,787",641,"662,922,596",522,"12,286,468",
91140,Sports and Physical Recreation Administrative Service,528,472,"497,597,656",506,"503,801,581",408,"-13,499,652",
91210,Horse and Dog Racing Administration and Track Operation,16,14,"27,800,517",16,"28,527,851",12,"252,781",
91291,Dog Training (Racing),41,38,"10,582,767",38,"8,697,545",34,"1,351,186",
91292,Horse Training (Racing),418,386,"443,970,778",410,"434,694,914",336,"-4,686,147",
91299,Other Horse and Dog Racing Activities,204,180,"69,932,829",196,"69,808,420",157,"-730,759",
91310,Amusement Parks and Centres Operation,248,225,"720,470,588",246,"729,347,911",199,"7,979,629",
91390,Amusement and Other Recreational Activities n.e.c.,814,770,"442,825,350",798,"424,552,276",623,"11,880,469",
92010,Casino Operation,14,14,"7,519,963,281",14,"6,081,281,900",13,"692,879,233",
92020,Lottery Operation,92,87,"5,500,688,759",91,"5,200,974,826",68,"175,206,723",
92091,Bookmaker,45,42,"619,591,631",44,"546,355,896",36,"100,059,898",
92092,TAB Agency Operation,84,78,"22,144,086",81,"21,191,008",71,"805,538",
92099,Other Gambling Activities n.e.c.,169,154,"2,555,181,910",164,"2,466,347,980",142,"263,681,069",
94110,Automotive Electrical Services,"1,245","1,201","844,411,684","1,217","802,661,051",974,"33,905,294",
94121,Motor Vehicle Windscreen Repair and Service,179,171,"87,393,063",174,"81,584,178",142,"5,578,215",
94129,"Automotive Body, Paint and Interior Repair n.e.c.","3,087","2,956","3,355,216,380","2,998","3,171,835,079","2,461","175,613,219",
94191,Motor Vehicle Clutch and Brake Repair and Service,439,423,"251,797,667",427,"242,921,074",350,"8,455,654",
94192,Motor Vehicle Radiator Repair and Service,174,165,"91,371,549",169,"89,602,217",128,"1,254,174",
94193,Motor Vehicle Muffler and Exhaust Repair and Service,160,158,"90,489,908",158,"90,157,876",125,"926,158",
94199,Other Automotive Repair and Maintenance,"7,248","6,970","5,298,108,128","7,085","5,064,883,811","5,742","220,322,800",
94210,Domestic Appliance Repair and Maintenance,690,665,"402,071,899",672,"380,736,216",523,"20,618,348",
94220,Electronic (except Domestic Appliance) and Precision Equipment Repair and Maintenance,917,836,"592,080,493",882,"559,487,623",708,"27,711,111",
94290,Other Machinery and Equipment Repair and Maintenance,809,762,"621,710,368",788,"591,323,632",649,"29,062,009",
94910,Clothing and Footwear Repair,99,96,"28,715,371",96,"27,790,110",71,"643,174",
94990,Other Repair and Maintenance n.e.c.,"1,210","1,147","529,750,475","1,180","497,275,322",924,"28,445,788",
95110,Hairdressing and Beauty Services,"5,689","5,387","2,108,331,493","5,515","2,057,119,343","4,413","40,176,509",
95120,Diet and Weight Reduction Centre Operation,91,74,"142,342,807",86,"164,630,222",67,"-3,191,931",
95200,"Funeral, Crematorium and Cemetery Services",333,319,"964,532,814",322,"809,915,571",285,"150,595,475",
95310,Laundry and Dry-Cleaning Services,973,909,"936,101,251",934,"867,266,512",747,"71,925,611",
95320,Photographic Film Processing,173,158,"98,297,919",167,"95,485,829",125,"2,845,263",
95330,Parking Services,157,138,"1,442,600,138",143,"1,378,634,457",120,"80,530,666",
95340,Brothel Keeping and Prostitution Services,158,152,"61,307,236",155,"54,910,478",128,"5,876,732",
95391,Fortune Telling and Similar Services,30,29,"17,607,554",29,"18,483,432",22,"-957,440",
95392,Introduction Agency Services,96,85,"69,353,994",92,"61,852,360",73,"8,264,765",
95393,Child Minding (Babysitting in the Home),65,61,"23,985,688",62,"21,829,205",47,"2,050,618",
95399,Other Personal Services n.e.c.,"2,478","2,160","567,252,914","2,292","514,862,571","1,805","49,324,698",
95400,Religious Services,38,33,"13,401,752",32,"13,389,092",28,"262,246",
95510,Business and Professional Association Services,"3,211","2,836","2,786,210,886","2,953","2,712,881,834","2,464","144,844,707",
95520,Labour Association Services,75,69,"72,534,034",72,"72,172,225",60,"123,604",
95591,Parents and Citizens Associations,13,13,"1,084,902",12,"837,155",9,"-96,458",
95599,Other Interest Group Services n.e.c.,"1,164","1,072","3,639,902,786","1,019","3,499,889,164",918,"145,407,036",
96010,Private Households Employing Staff,<10,na,"1,492,630",na,"1,338,634",na,"73,524",
96020,Undifferentiated Goods-Producing Activities of Private Households for Own Use,15,13,"3,343,655",15,"3,599,535",11,"-364,522",
96030,Undifferentiated Service-Producing Activities of Private Households for Own Use,57,43,"7,336,712",50,"4,620,049",45,"2,682,556",
Other,Business other than those mentioned above or ANZSIC code is unknown,"8,471","3,342","2,270,345,247","1,615","508,940,500","1,944","1,153,164,995",
,,,,,,,,,
